username,repo_name,stars,repo_url
twbs,bootstrap,https://github.com/twbs/bootstrap,156000
ColorlibHQ,AdminLTE,https://github.com/ColorlibHQ/AdminLTE,40700
tabler,tabler,https://github.com/tabler/tabler,25400
mdbootstrap,mdb-ui-kit,https://github.com/mdbootstrap/mdb-ui-kit,22100
react-bootstrap,react-bootstrap,https://github.com/react-bootstrap/react-bootstrap,20600
ColorlibHQ,gentelella,https://github.com/ColorlibHQ/gentelella,20500
verekia,js-stack-from-scratch,https://github.com/verekia/js-stack-from-scratch,19000
bootstrap-vue,bootstrap-vue,https://github.com/bootstrap-vue/bootstrap-vue,13800
thomaspark,bootswatch,https://github.com/thomaspark/bootswatch,13500
uxsolutions,bootstrap-datepicker,https://github.com/uxsolutions/bootstrap-datepicker,12500
wenzhixin,bootstrap-table,https://github.com/wenzhixin/bootstrap-table,11200
coreui,coreui-free-bootstrap-admin-template,https://github.com/coreui/coreui-free-bootstrap-admin-template,11100
reactstrap,reactstrap,https://github.com/reactstrap/reactstrap,10300
Templarian,MaterialDesign,https://github.com/Templarian/MaterialDesign,10000
snapappointments,bootstrap-select,https://github.com/snapappointments/bootstrap-select,9500
mdbootstrap,material-design-for-bootstrap,https://github.com/mdbootstrap/material-design-for-bootstrap,9500
StartBootstrap,startbootstrap-sb-admin-2,https://github.com/StartBootstrap/startbootstrap-sb-admin-2,9100
ng-bootstrap,ng-bootstrap,https://github.com/ng-bootstrap/ng-bootstrap,7900
BlackrockDigital,startbootstrap,https://github.com/BlackrockDigital/startbootstrap,7100
olton,Metro-UI-CSS,https://github.com/olton/Metro-UI-CSS,6900
twbs,icons,https://github.com/twbs/icons,6000
creativetimofficial,material-kit,https://github.com/creativetimofficial/material-kit,5700
febsteam,FEBS-Shiro,https://github.com/febsteam/FEBS-Shiro,5700
valor-software,ngx-bootstrap,https://github.com/valor-software/ngx-bootstrap,5400
kartik-v,bootstrap-fileinput,https://github.com/kartik-v/bootstrap-fileinput,5100
Bttstrp,bootstrap-switch,https://github.com/Bttstrp/bootstrap-switch,5100
jschr,bootstrap-modal,https://github.com/jschr/bootstrap-modal,5000
givanz,VvvebJs,https://github.com/givanz/VvvebJs,4800
cloudfavorites,favorites-web,https://github.com/cloudfavorites/favorites-web,4500
seyhunak,twitter-bootstrap-rails,https://github.com/seyhunak/twitter-bootstrap-rails,4500
